"_id",requestId,status.statusCode,status.statusMessage
6305fba4e947a9033ff02437,AGR0VCC51Q8,INITIATED,"Payment initiated , redirected to payment gateway"
6319bf79b3bff06aec1541e1,AGRHXIT94HS,INITIATED,"Payment initiated , redirected to payment gateway"
6319c06bb3bff06aec154224,AGRHXSVPON4,INITIATED,"Payment initiated , redirected to payment gateway"
6319c10eb3bff06aec15422a,AGRHXSVPON4,INITIATED,"Payment initiated , redirected to payment gateway"
631edc2f37733d4fc4a5924b,AGRJ4XYTCSG,INITIATED,"Payment initiated , redirected to payment gateway"
631edcd337733d4fc4a592b0,AGRJ4XYTCSG,INITIATED,"Payment initiated , redirected to payment gateway"
631eddc537733d4fc4a592c4,AGRJ4XYTCSG,INITIATED,"Payment initiated , redirected to payment gateway"
631ef7df37733d4fc4a5935f,AGRMEI66QYO,INITIATED,"Payment initiated , redirected to payment gateway"
631ef7e137733d4fc4a59363,AGRMEI66QYO,INITIATED,"Payment initiated , redirected to payment gateway"
631ef82237733d4fc4a59369,AGRMEI66QYO,INITIATED,"Payment initiated , redirected to payment gateway"
631f048937733d4fc4a5944d,AGRMFZTJMYP,INITIATED,"Payment initiated , redirected to payment gateway"
632818bbb9f26a33d118c3a4,AGRMEI66QYO,INITIATED,"Payment initiated , redirected to payment gateway"
633eb653c8371c7c1292ce98,AGSDL77TEYO,INITIATED,"Payment initiated , redirected to payment gateway"
633eb655c8371c7c1292ce9c,AGSDL77TEYO,INITIATED,"Payment initiated , redirected to payment gateway"
633eb65ac8371c7c1292cea0,AGSDL77TEYO,INITIATED,"Payment initiated , redirected to payment gateway"
633eb65bc8371c7c1292cea4,AGSDL77TEYO,INITIATED,"Payment initiated , redirected to payment gateway"
633eb733c8371c7c1292cecc,AGSDL77TEYO,INITIATED,"Payment initiated , redirected to payment gateway"
633eb734c8371c7c1292ced0,AGSDL77TEYO,INITIATED,"Payment initiated , redirected to payment gateway"
633eb789c8371c7c1292cf11,AGSDL77TEYO,INITIATED,"Payment initiated , redirected to payment gateway"
633eb78bc8371c7c1292cf15,AGSDL77TEYO,INITIATED,"Payment initiated , redirected to payment gateway"
633fb6565e654265068564a9,AGSEFHMKF7K,INITIATED,"Payment initiated , redirected to payment gateway"
633fb6575e654265068564ad,AGSEFHMKF7K,INITIATED,"Payment initiated , redirected to payment gateway"
633fbc805e654265068564f0,AGSEFHMKF7K,INITIATED,"Payment initiated , redirected to payment gateway"
633fbc825e654265068564f4,AGSEFHMKF7K,INITIATED,"Payment initiated , redirected to payment gateway"
637de952a4d4973a6a5173bb,AGTVPO2366J,INITIATED,"Payment initiated , redirected to payment gateway"
637de953a4d4973a6a5173bf,AGTVPO2366J,INITIATED,"Payment initiated , redirected to payment gateway"
6380d0976a480b7df82c588f,AGTY75H4934,INITIATED,"Payment initiated , redirected to payment gateway"
639ac2cb56296f2479a6624e,AGUKE5F3HTZ,INITIATED,"Payment initiated , redirected to payment gateway"
639ac2cf56296f2479a66252,AGUKE5F3HTZ,INITIATED,"Payment initiated , redirected to payment gateway"
639ac2d356296f2479a66256,AGUKE5F3HTZ,INITIATED,"Payment initiated , redirected to payment gateway"
639ac2d456296f2479a6625a,AGUKE5F3HTZ,INITIATED,"Payment initiated , redirected to payment gateway"
639ac3df56296f2479a66271,AGUKE5F3HTZ,INITIATED,"Payment initiated , redirected to payment gateway"
639ac3e056296f2479a66275,AGUKE5F3HTZ,INITIATED,"Payment initiated , redirected to payment gateway"
639acf1c56296f2479a662d0,AGUKGL80LCL,INITIATED,"Payment initiated , redirected to payment gateway"
639acf1c56296f2479a662d4,AGUKGL80LCL,INITIATED,"Payment initiated , redirected to payment gateway"
639ae66556296f2479a662e6,AGUKGL80LCL,INITIATED,"Payment initiated , redirected to payment gateway"
639ae66756296f2479a662ea,AGUKGL80LCL,INITIATED,"Payment initiated , redirected to payment gateway"
63ad4fd4ad61123d2f205186,AGV0AHQOT8G,INITIATED,"Payment initiated , redirected to payment gateway"
63aee0a889bf0352243f6df2,AGV1EW4V9XG,INITIATED,"Payment initiated , redirected to payment gateway"
63aeff924c1cb3029992bb7f,AGV1PXC83K1,INITIATED,"Payment initiated , redirected to payment gateway"
63af0c5f4c1cb3029992bbbe,AGV1PXC83K1,INITIATED,"Payment initiated , redirected to payment gateway"
63af0c744c1cb3029992bbc9,AGV1PXC83K1,INITIATED,"Payment initiated , redirected to payment gateway"
63b28c204c1cb3029992bc91,AGV4RHKXV5S,INITIATED,"Payment initiated , redirected to payment gateway"
63b406ccd2c5d9696f1fa260,AGV617Z3BIE,INITIATED,"Payment initiated , redirected to payment gateway"
63b40d80d2c5d9696f1fa2c5,AGV62MZXPU2,INITIATED,"Payment initiated , redirected to payment gateway"
63b43b97a3f8327a5123b5ad,AGV669HNQPS,INITIATED,"Payment initiated , redirected to payment gateway"
